bin_size,dropout,lr,n_glayers_id,n_glayers_reg,loss_0,loss_1,loss_2,loss_3,loss_4,loss_5,loss_6,loss_7,loss_8,loss_9,loss_10,loss_11,loss_12,loss_13,loss_14,loss_15,loss_16,loss_17,loss_18,loss_19,loss_20,loss_21,loss_22,loss_23,loss_24,loss_25,loss_26,loss_27,loss_28,loss_29,loss_30,loss_31,loss_32,loss_33,loss_34,loss_35,loss_36,loss_37,loss_38,loss_39,loss_40,loss_41,loss_42,loss_43,loss_44,loss_45,loss_46,loss_47,loss_48,loss_49,loss_50,loss_51,loss_52,loss_53,loss_54,loss_55,loss_56,loss_57,loss_58,loss_59,loss_60,loss_61,loss_62,loss_63,loss_64,loss_65,loss_66,loss_67,loss_68,loss_69,loss_70,loss_71,loss_72,loss_73,loss_74,loss_75,loss_76,loss_77,loss_78,loss_79,loss_80,loss_81,loss_82,loss_83,loss_84,loss_85,loss_86,loss_87,loss_88,loss_89,loss_90,loss_91,loss_92,loss_93,loss_94,loss_95,loss_96,loss_97,loss_98,loss_99
16.0,0.0062035,0.0001415,4.0,1.0,533.89794921875,533.9391479492188,533.9390258789062,533.9389038085938,533.9388427734375,533.9388427734375,533.9387817382812,533.9387817382812,533.9387817382812,533.9387817382812,533.9387817382812,533.938720703125,533.938720703125,533.938720703125,533.938720703125,533.938720703125,533.938720703125,533.938720703125,533.9387817382812,533.9387817382812,533.9387817382812,533.9387817382812,533.9387817382812,533.9387817382812,533.9387817382812,533.9387817382812,533.9387817382812,533.9387817382812,533.9387817382812,533.9387817382812,533.9387817382812,533.9387817382812,533.9387817382812,533.9387817382812,533.9387817382812,533.9387817382812,533.9387817382812,533.9387817382812,533.9387817382812,533.9387817382812,533.8980102539062,533.9391479492188,533.9390258789062,533.9389038085938,533.9388427734375,533.9388427734375,533.9387817382812,533.9387817382812,533.9387817382812,533.9387817382812,533.9387817382812,533.938720703125,533.938720703125,533.938720703125,533.938720703125,533.938720703125,533.938720703125,533.938720703125,533.9387817382812,533.9387817382812,533.9387817382812,533.9387817382812,533.9387817382812,533.9387817382812,533.9387817382812,533.9387817382812,533.9387817382812,533.9387817382812,533.9387817382812,533.9387817382812,533.9387817382812,533.9387817382812,533.9387817382812,533.9387817382812,533.9387817382812,533.9387817382812,533.9387817382812,533.9387817382812,533.9387817382812,533.9387817382812,533.9387817382812,533.9387817382812,533.9387817382812,533.9387817382812,533.9387817382812,533.9387817382812,533.9387817382812,533.9387817382812,533.9387817382812,533.9387817382812,533.9387817382812,533.9387817382812,533.9387817382812,533.9387817382812,533.9387817382812,533.9387817382812,533.9387817382812,533.9387817382812,533.9387817382812,533.9387817382812
16.0,0.257,0.00033992,1.0,2.0,492.2170715332031,471.33892822265625,472.6642456054688,473.1205749511719,472.0478820800781,472.2146301269531,471.7466735839844,472.5786437988281,473.2548828125,473.6589965820313,474.1340026855469,473.8428039550781,473.87213134765625,474.0627136230469,474.2950134277344,473.9464111328125,473.9567565917969,474.0157470703125,474.0177612304688,473.8976135253906,474.1006774902344,474.2785949707031,474.3357543945313,474.247314453125,474.0455627441406,474.2364807128906,473.6473693847656,473.2536010742188,473.5223693847656,473.5325622558594,473.2850341796875,473.6558837890625,473.5020751953125,473.514892578125,473.6193237304688,474.290771484375,474.1784057617188,473.9660339355469,474.15771484375,474.1774291992188,474.24798583984375,474.2665710449219,474.2301635742188,474.28802490234375,474.2700805664063,474.238037109375,474.2792663574219,474.28216552734375,474.2794494628906,474.2609252929688,474.2154541015625,474.3076477050781,474.3041687011719,474.35260009765625,474.4252014160156,474.4195861816406,474.5211486816406,474.5655212402344,474.4859313964844,474.5162658691406,474.4949645996094,474.5737609863281,474.6346740722656,474.81781005859375,475.5036315917969,475.3186340332031,474.7594299316406,474.5688781738281,474.6124267578125,474.62103271484375,474.6173706054688,474.6841735839844,474.4862365722656,474.6678466796875,474.5232543945313,474.6058349609375,474.4384765625,474.4957580566406,474.4391174316406,474.7569885253906,474.8726501464844,474.877685546875,474.9483947753906,474.760986328125,474.4791564941406,474.5881652832031,474.8362731933594,474.8099060058594,474.8516540527344,474.7649536132813,474.8693237304688,474.9229736328125,474.98382568359375,474.9552307128906,475.0820007324219,475.2554931640625,492.0206298828125,471.8080749511719,472.2348937988281,472.4839477539063
64.0,0.30299,0.0002497,2.0,0.0,529.8829345703125,494.9137878417969,492.4698791503906,495.9699096679688,498.2493591308594,499.6409912109375,501.3852844238281,504.2983093261719,509.1355590820313,515.9610595703125,520.1441650390625,521.4954223632812,522.9179077148438,524.3117065429688,525.3142700195312,525.93798828125,526.0128173828125,526.0105590820312,526.026611328125,526.0866088867188,526.1216430664062,526.1431884765625,526.1524658203125,526.1710205078125,526.1672973632812,526.1657104492188,526.1549682617188,526.1639404296875,529.8854370117188,494.9106750488281,491.43011474609375,490.0530090332031,491.67041015625,495.071533203125,496.55609130859375,498.9591674804688,501.573974609375,504.4945983886719,508.99798583984375,516.3535766601562,519.965087890625,520.9452514648438,522.93994140625,525.3698120117188,525.9749755859375,526.052978515625,526.0784912109375,526.09814453125,526.1033325195312,526.1371459960938,526.1727905273438,526.2025756835938,526.2047119140625,526.2227783203125,526.2391357421875,526.244384765625,526.2503051757812,526.26171875,526.2662353515625,526.2699584960938,526.2677001953125,526.2621459960938,526.2694702148438,526.282470703125,526.2908935546875,526.2999877929688,526.3074951171875,526.31103515625,526.3139038085938,526.3177490234375,526.3195190429688,526.3256225585938,526.32275390625,526.3307495117188,526.3416137695312,526.3324584960938,526.334228515625,526.3367309570312,526.3402099609375,526.3373413085938,526.3412475585938,526.3424072265625,526.3455200195312,526.3403930664062,526.3488159179688,526.3562622070312,526.3577880859375,526.3584594726562,526.3652954101562,526.3793334960938,526.3836669921875,526.3974609375,526.396484375,526.4053344726562,526.4124755859375,526.4182739257812,526.4227294921875,526.4168701171875,526.4197387695312,526.4185791015625
32.0,0.17221,4.2293e-05,3.0,2.0,543.924560546875,484.4858093261719,472.4453125,467.6968688964844,464.5455932617188,462.4189147949219,460.9248352050781,459.8273620605469,459.1495971679688,458.5357666015625,457.8385620117188,457.1944885253906,456.6016540527344,456.0880126953125,455.6561584472656,455.2838134765625,454.9399719238281,454.6458435058594,454.4171447753906,454.16351318359375,453.95068359375,453.7326354980469,453.5518493652344,453.3253479003906,453.1072082519531,452.9202270507813,452.6976013183594,452.4798278808594,452.2865295410156,452.1010437011719,451.9320068359375,451.7625732421875,451.601806640625,451.4671630859375,451.31097412109375,451.1797180175781,451.0439147949219,450.9300842285156,450.8036804199219,450.7164001464844,450.6355285644531,450.5636901855469,450.4707946777344,450.3747253417969,450.2989501953125,450.207763671875,450.1418151855469,450.0538330078125,449.98236083984375,449.9377746582031,449.8430786132813,449.8026428222656,449.7380676269531,449.6656494140625,449.6233520507813,449.5637512207031,449.49072265625,449.4432373046875,449.3914489746094,449.3179931640625,449.2633056640625,449.2296447753906,449.2498474121094,449.2266540527344,449.2027282714844,449.1678466796875,449.1396789550781,449.1187133789063,449.0804138183594,449.0536804199219,449.011962890625,448.9696044921875,448.9352722167969,448.90521240234375,448.8738098144531,448.8218688964844,448.7936706542969,448.7452087402344,448.7306823730469,448.6954345703125,448.6475524902344,448.59857177734375,448.56103515625,448.5350341796875,448.49114990234375,448.4351196289063,448.39984130859375,448.3517150878906,448.3134765625,448.268798828125,448.2159118652344,544.0313720703125,484.3862915039063,472.2203979492188,467.4849243164063,464.6886901855469,462.955078125,461.4245910644531,460.1277160644531,459.11468505859375
64.0,0.42281,0.00022017,3.0,1.0,507.4164733886719,467.46771240234375,465.8959655761719,465.5145568847656,465.1841735839844,465.1162414550781,465.0699157714844,465.4342346191406,466.2545471191406,466.1657104492188,466.4013977050781,466.7608947753906,466.873291015625,466.7163696289063,466.6819458007813,466.51507568359375,466.542236328125,467.2797546386719,467.4169616699219,467.06884765625,467.2386779785156,467.2703857421875,467.0065612792969,467.1226501464844,467.1712951660156,467.390869140625,468.5633850097656,469.4688720703125,467.5050354003906,466.5235595703125,466.6713562011719,466.7119140625,465.86328125,465.7417907714844,465.7908935546875,465.9280395507813,466.0836791992188,465.9139099121094,465.9659118652344,466.5660705566406,466.3063049316406,466.3465576171875,466.25927734375,466.3749694824219,466.51800537109375,466.9078674316406,466.97698974609375,467.0914306640625,467.5739135742188,467.945068359375,468.24456787109375,468.4649963378906,468.6355895996094,468.9189453125,468.9228515625,468.8883056640625,469.1113586425781,469.3771057128906,469.6234436035156,469.6172790527344,469.6319274902344,469.8216247558594,470.0168151855469,507.3986511230469,467.402587890625,465.8890075683594,465.6023559570313,465.37103271484375,465.496826171875,465.6614074707031,465.4289245605469,465.3934020996094,465.6972351074219,465.834228515625,466.1220397949219,466.3724365234375,466.6454772949219,467.2021484375,467.5304870605469,467.3616943359375,467.04046630859375,467.0119934082031,466.7896728515625,466.9488830566406,467.3115234375,467.521728515625,466.9389343261719,467.235595703125,466.97113037109375,466.9589538574219,467.2007751464844,466.9119262695313,464.984130859375,464.9365539550781,465.8559875488281,465.2082824707031,465.4075927734375,465.51953125,465.8184814453125,466.210205078125
64.0,0.30385,0.00041974,1.0,0.0,500.3514709472656,467.4408874511719,463.8522338867188,461.5580749511719,460.26416015625,459.3919677734375,458.66412353515625,457.8986511230469,457.12213134765625,456.8123168945313,456.5317687988281,456.3000793457031,456.1257934570313,455.953125,455.8039855957031,455.6763305664063,455.5288696289063,455.376708984375,455.2542419433594,455.1051940917969,454.9568786621094,454.8070373535156,454.6598510742188,454.5186462402344,454.4039916992188,454.2872009277344,454.1727600097656,454.0631103515625,454.0178527832031,453.905517578125,453.8762817382813,453.7908020019531,453.6980285644531,453.638427734375,453.5687255859375,453.4885864257813,453.421630859375,453.3788757324219,453.3092651367188,453.2372131347656,453.1883850097656,453.1283874511719,453.0646057128906,453.0016479492188,452.94635009765625,452.9052734375,452.85693359375,452.8004760742188,452.7471618652344,452.7152099609375,452.6542053222656,452.6226501464844,452.5716857910156,452.5086364746094,452.4627990722656,452.4246520996094,452.3916015625,452.3983459472656,452.3717956542969,452.3489685058594,452.3093872070313,452.2706909179688,452.2369689941406,452.2238464355469,452.18463134765625,452.1579895019531,452.1415100097656,452.1126098632813,452.0964050292969,452.0227661132813,452.0177307128906,452.0026550292969,451.9818420410156,451.9393615722656,451.9436950683594,451.9274291992188,451.8899230957031,451.89263916015625,451.8589477539063,451.8328857421875,451.8245544433594,451.79681396484375,451.7808532714844,451.7515258789063,451.7303161621094,451.7185668945313,451.6999206542969,451.6816711425781,451.6761169433594,451.650146484375,451.6443481445313,451.6224365234375,451.60198974609375,451.5839538574219,451.6020812988281,451.5645751953125,451.5490417480469,451.5315856933594,500.3097534179688,467.0939636230469
8.0,0.27142,0.00096907,2.0,0.0,485.7352294921875,458.4895324707031,455.7886657714844,454.060791015625,452.6330261230469,451.7810668945313,451.12890625,450.714111328125,450.4388732910156,450.1415100097656,449.8919677734375,449.5682373046875,449.3092346191406,449.0531311035156,448.8551330566406,448.6062316894531,448.5773620605469,448.3980102539063,448.4081726074219,448.28948974609375,448.1146545410156,448.2127075195313,448.0827331542969,447.9860534667969,447.820556640625,447.8045959472656,447.755126953125,447.8927307128906,447.8146362304688,447.7068786621094,447.5943298339844,447.5110473632813,447.4707946777344,447.4446716308594,447.4160461425781,447.3248291015625,447.3128051757813,447.3110046386719,447.197265625,447.2282104492188,447.1237487792969,447.20355224609375,447.0976867675781,447.0898132324219,446.9881286621094,447.05120849609375,447.0634765625,446.9841918945313,446.9992065429688,446.9195861816406,446.9117736816406,446.8722839355469,446.9464721679688,446.8093566894531,446.7668762207031,446.7792663574219,446.7634887695313,446.7552795410156,446.726318359375,446.7455139160156,446.6687927246094,446.6482543945313,446.641845703125,446.6217651367188,446.6392822265625,446.5871276855469,446.58203125,446.6027526855469,446.5765686035156,446.5848388671875,446.5979309082031,446.5423889160156,446.4963073730469,446.4992370605469,446.5647277832031,446.476318359375,446.4729309082031,446.49615478515625,446.4731140136719,446.447265625,446.42279052734375,446.419189453125,446.3260803222656,485.8041687011719,458.3634948730469,455.7351989746094,453.9592895507813,452.698974609375,451.9439086914063,451.30364990234375,450.98046875,450.5532836914063,450.458251953125,450.0143737792969,449.5869140625,449.3043212890625,449.1330261230469,448.9183349609375,448.77154541015625,448.7264709472656
16.0,0.34985,0.011104,1.0,1.0,523.39013671875,520.9609375,525.1576538085938,516.7154541015625,525.7915649414062,519.5144653320312,512.4850463867188,513.626953125,513.5779418945312,514.7838134765625,516.6073608398438,513.27734375,512.3421020507812,510.8935241699219,512.0562133789062,512.1260375976562,512.3662109375,511.65576171875,515.4992065429688,520.9660034179688,514.8438110351562,523.2918701171875,512.0166015625,527.8834228515625,523.3202514648438,520.3160400390625,519.4417724609375,515.802734375,516.5477905273438,513.471435546875,518.1080322265625,521.1184692382812,522.1306762695312,522.881103515625,522.560302734375,522.3635864257812,522.7933959960938,523.2401733398438,521.5753784179688,522.0582275390625,523.2469482421875,518.1468505859375,517.2869262695312,523.3604125976562,524.1426391601562,521.8347778320312,520.4124145507812,521.5037841796875,518.0408935546875,520.8441772460938,517.900634765625,521.2529907226562,516.5904541015625,519.6467895507812,520.0888061523438,515.3504638671875,518.8531494140625,519.9536743164062,516.6255493164062,519.6402587890625,518.9133911132812,522.5022583007812,519.6141357421875,524.9320678710938,520.0407104492188,521.7034912109375,519.2946166992188,522.9268188476562,524.1807861328125,518.1956176757812,520.807861328125,522.0308837890625,522.2424926757812,522.6891479492188,520.4591064453125,519.7872924804688,519.24267578125,519.9400634765625,518.9755249023438,519.130126953125,523.2100219726562,520.1774291992188,516.252685546875,523.9161376953125,518.131103515625,518.6826782226562,521.642822265625,523.7589111328125,521.230712890625,516.1949462890625,523.998291015625,519.0619506835938,519.95166015625,520.9104614257812,527.4956665039062,519.6708984375,524.2088623046875,527.5205688476562,516.8421020507812,525.9844360351562
16.0,0.30337,0.014144,1.0,1.0,483.3264770507813,458.0284423828125,456.381591796875,453.8482055664063,453.0833129882813,452.1207275390625,451.5532531738281,451.3640747070313,450.8705139160156,450.7063598632813,450.5352478027344,450.2888793945313,450.1817626953125,449.9884338378906,449.9777526855469,450.1664123535156,450.0552673339844,449.8348083496094,449.6220397949219,449.6991882324219,449.6167602539063,449.5810546875,449.07861328125,448.9302368164063,449.0268859863281,448.9264526367188,448.8729553222656,448.7976379394531,448.7185974121094,448.9552001953125,448.69927978515625,449.0231323242188,448.79888916015625,448.7212829589844,448.7765502929688,448.718994140625,448.70318603515625,448.6201171875,448.9934387207031,449.3519287109375,483.4110412597656,458.6286315917969,455.6250915527344,453.7363586425781,452.8749084472656,452.5033874511719,451.7134399414063,451.2474365234375,450.95611572265625,450.9927062988281,450.666748046875,450.4583129882813,450.5631103515625,450.3081970214844,450.6022338867188,450.3270263671875,450.1618347167969,450.0015258789063,450.0083312988281,449.78271484375,450.0299072265625,449.8896789550781,452.7038269042969,452.2065734863281,450.5083312988281,450.3349914550781,449.8668823242188,449.8237915039063,449.668212890625,449.5485229492188,449.4596862792969,449.6022338867188,450.522705078125,451.2354736328125,450.4425659179688,449.9105529785156,449.9862365722656,449.7765502929688,449.5415344238281,449.7678527832031,449.3174743652344,449.6447448730469,449.6476135253906,449.6224060058594,449.4376831054688,449.2802429199219,449.22113037109375,449.3562316894531,449.1730651855469,449.03607177734375,449.1063537597656,449.17767333984375,449.0280151367188,448.8934326171875,448.8026428222656,448.86920166015625,448.8980102539063,448.9007568359375,448.830810546875,448.6607971191406
64.0,0.035983,0.015101,1.0,0.0,483.7542114257813,454.2774353027344,451.11712646484375,449.6256713867188,448.7962036132813,448.0796813964844,447.8226318359375,447.5953674316406,447.26953125,446.888916015625,446.5198669433594,446.2308349609375,446.1180114746094,446.2200012207031,446.0611877441406,445.9471740722656,445.9127502441406,445.92572021484375,445.8873596191406,445.7385864257813,445.8839111328125,483.88671875,453.9461975097656,450.7283630371094,449.2406311035156,448.2080078125,447.59228515625,447.04888916015625,447.11126708984375,446.6055908203125,446.6712036132813,446.3749084472656,446.3217468261719,446.2671203613281,446.02093505859375,446.0114440917969,445.81097412109375,446.0068359375,445.9638366699219,445.9828796386719,445.716552734375,445.7098388671875,445.82470703125,445.6791687011719,445.6967468261719,445.6451110839844,445.6139526367188,445.5838012695313,445.4689636230469,445.5559692382813,445.6644287109375,445.3999938964844,445.4328002929688,445.4708862304688,445.3640441894531,445.2807312011719,445.415283203125,445.4532470703125,445.3591918945313,445.3729248046875,445.4350891113281,445.27923583984375,445.29437255859375,445.3238525390625,445.3903198242188,445.2119140625,445.3116760253906,445.3291931152344,445.5183715820313,445.37744140625,445.3514099121094,445.2721557617188,445.2519226074219,445.33740234375,445.1247863769531,445.2056274414063,445.2755737304688,445.1896362304688,445.1682434082031,445.2536926269531,445.2653198242188,445.2507934570313,445.208251953125,445.1576843261719,445.2926025390625,445.1041259765625,445.1717529296875,445.2381591796875,445.1885070800781,445.0949096679688,445.1886901855469,445.176025390625,445.122802734375,445.1566467285156,445.2918701171875,445.08099365234375,445.1342468261719,445.1728820800781,445.1474304199219,445.13671875
8.0,0.35986,4.755e-05,0.0,2.0,567.23779296875,497.3216857910156,478.5015869140625,470.64752197265625,466.9525146484375,464.7520446777344,463.2873229980469,462.2296752929688,461.3470764160156,460.604248046875,459.9309997558594,459.3240661621094,458.7832336425781,458.3402404785156,457.9275207519531,457.5732116699219,457.2376098632813,456.9578857421875,456.6947937011719,456.4812927246094,456.2463989257813,456.0437622070313,455.8832092285156,455.7096252441406,455.5677490234375,455.4247741699219,455.29144287109375,455.15924072265625,455.0473937988281,454.9619140625,454.8170776367188,454.7151184082031,454.6369934082031,454.5642700195313,454.4692077636719,454.35784912109375,454.2937316894531,454.2220458984375,454.1197509765625,454.056396484375,453.9880065917969,453.9434509277344,453.8724670410156,453.8170776367188,453.7732849121094,453.6979064941406,453.6527099609375,453.57623291015625,453.5309143066406,453.5046691894531,453.4606323242188,453.4127502441406,453.3600463867188,453.31103515625,453.262451171875,453.2323913574219,453.2223205566406,453.1435852050781,453.108154296875,453.0777893066406,453.042724609375,452.98529052734375,452.948486328125,452.91412353515625,452.8648376464844,452.8060302734375,452.77239990234375,452.73974609375,452.6778259277344,452.6484069824219,452.6090698242188,452.5634460449219,452.5226135253906,452.4796142578125,452.4534301757813,452.429443359375,452.3745727539063,452.3355102539063,567.2192993164062,497.2595520019531,478.4527282714844,470.6597595214844,466.988037109375,464.815185546875,463.3605651855469,462.2940673828125,461.438232421875,460.6846923828125,460.0293273925781,459.4312133789063,458.914306640625,458.4900512695313,458.0495910644531,457.6885681152344,457.3644104003906,457.0856323242188,456.8142395019531,456.5862426757813,456.34857177734375,456.16302490234375
16.0,0.38559,2.3569e-06,3.0,1.0,655.1815795898438,537.8521728515625,533.5076904296875,533.7726440429688,533.9116821289062,533.9583129882812,533.9714965820312,533.9752807617188,533.9762573242188,533.9766845703125,533.976806640625,533.9768676757812,533.9769287109375,533.9769897460938,533.9769897460938,533.9769897460938,533.9769897460938,533.9769897460938,533.9769897460938,533.9769897460938,533.9769897460938,533.9769897460938,533.9769897460938,533.9769897460938,533.9769897460938,533.9769897460938,533.9769897460938,533.9769897460938,533.9769897460938,533.9769897460938,533.9769897460938,533.9769897460938,533.9769897460938,533.9769897460938,533.9769897460938,533.9769897460938,533.9769897460938,533.9769897460938,533.9769897460938,533.9769897460938,533.9769897460938,533.9769897460938,533.9769897460938,533.9769897460938,533.9769897460938,533.9769897460938,533.9769897460938,533.9769897460938,533.9769897460938,533.9769897460938,533.9769897460938,533.9769897460938,533.9769897460938,533.9769897460938,533.9769897460938,533.9769897460938,533.9769897460938,533.9769897460938,533.9769897460938,533.9769897460938,533.9769897460938,533.9769897460938,533.9769897460938,533.9769897460938,533.9769897460938,533.9769897460938,533.9769897460938,533.9769897460938,533.9769897460938,533.9769897460938,533.9769897460938,533.9769897460938,533.9769897460938,533.9769897460938,533.9769897460938,533.9769897460938,533.9769897460938,533.9769897460938,533.9769897460938,533.9769897460938,655.185791015625,537.8512573242188,533.508056640625,533.7727661132812,533.9117431640625,533.9583129882812,533.9714965820312,533.9752807617188,533.9762573242188,533.9766845703125,533.976806640625,533.9768676757812,533.9769287109375,533.9769897460938,533.9769897460938,533.9769897460938,533.9769897460938,533.9769897460938,533.9769897460938,533.9769897460938
8.0,0.48083,0.0010818,3.0,3.0,485.1820373535156,459.9562377929688,458.0824890136719,457.5148010253906,484.7886657714844,459.6036071777344,458.0025329589844,457.2525634765625,456.8952026367188,456.5049133300781,456.0610046386719,455.8572692871094,455.4370422363281,454.9617614746094,454.7278442382813,454.5782470703125,454.74700927734375,454.5880432128906,454.7062377929688,454.6981506347656,454.5302429199219,454.6788940429688,454.7550048828125,454.7199096679688,454.9138793945313,454.8853149414063,454.9336853027344,455.0416870117188,455.0011291503906,455.1767272949219,454.90667724609375,455.2577209472656,455.2058410644531,455.1654052734375,455.1835632324219,455.2995300292969,455.23583984375,455.2883605957031,455.1943054199219,455.32415771484375,455.41546630859375,455.2984313964844,455.4107971191406,455.3760070800781,455.2400512695313,455.56298828125,455.4392700195313,455.42132568359375,455.2663879394531,455.3634033203125,455.396240234375,455.2463989257813,455.5981140136719,455.3707580566406,455.4658508300781,455.3384704589844,455.3468933105469,455.2320861816406,455.4327087402344,455.2820739746094,455.3815612792969,455.2842102050781,455.3343200683594,455.3583068847656,455.3735656738281,455.3515625,455.5107116699219,455.6883544921875,455.49615478515625,455.4550476074219,455.5015563964844,455.5451965332031,455.5166015625,455.4088745117188,455.5379638671875,455.5093994140625,455.66888427734375,455.4908142089844,455.43560791015625,455.4941711425781,455.513427734375,455.6106872558594,455.541748046875,455.5250549316406,455.5741271972656,455.5980529785156,455.5506286621094,455.7254333496094,455.5021667480469,455.61920166015625,455.6206359863281,455.5991516113281,455.4251098632813,455.6154479980469,455.5732116699219,455.7229614257813,455.5095520019531,455.5096435546875,455.5812377929688,455.57037353515625
16.0,0.3052,0.0020652,4.0,4.0,491.6117858886719,483.4005737304688,482.2429504394531,481.9491882324219,482.1829223632813,482.5262145996094,482.1831970214844,482.5025634765625,482.456787109375,482.1929626464844,482.5421447753906,482.59381103515625,482.5326843261719,482.6308288574219,482.6937561035156,482.76361083984375,482.5032043457031,482.6759338378906,482.6948852539063,483.7786865234375,484.0200805664063,483.1570434570313,483.5716247558594,482.9202880859375,483.1456909179688,483.7071533203125,483.6147155761719,483.3313903808594,483.5722351074219,484.0189514160156,484.2363586425781,484.1869201660156,484.4079284667969,484.3428649902344,483.9266357421875,484.3708801269531,484.1398010253906,484.0535583496094,484.3130493164063,484.2611083984375,484.5014343261719,485.1646423339844,485.2430419921875,485.3552551269531,485.2890930175781,485.5744323730469,484.6516723632813,484.9213562011719,485.181884765625,485.0634765625,484.7799987792969,485.2596130371094,486.42431640625,485.8892517089844,485.6483459472656,486.9906005859375,486.5315856933594,486.5384521484375,486.64593505859375,486.5780029296875,486.3482666015625,486.4884948730469,486.46771240234375,486.6713562011719,486.4677734375,486.50335693359375,486.6994018554688,490.56884765625,482.9625854492188,480.7773742675781,482.3912658691406,482.2434387207031,482.2721557617188,482.5929870605469,482.15863037109375,481.92529296875,482.1063232421875,482.0129089355469,482.26214599609375,482.2632751464844,482.4075622558594,482.56256103515625,482.6155700683594,482.5753479003906,483.33447265625,483.5523681640625,483.6950073242188,484.0706481933594,483.2472839355469,483.9017333984375,482.9913330078125,483.0305480957031,484.1521606445313,484.5374450683594,484.3025512695313,484.2418823242188,485.2029724121094,484.8827209472656,484.8802490234375,485.62152099609375
16.0,0.42754,0.0074581,3.0,1.0,525.363525390625,520.837890625,510.05706787109375,506.2412414550781,502.0585632324219,504.27880859375,506.2539978027344,505.9186706542969,501.2292785644531,503.87408447265625,502.3700256347656,500.4381103515625,500.5457458496094,509.83538818359375,507.7616882324219,502.9362487792969,500.95159912109375,504.7255859375,506.0580749511719,501.6684875488281,503.6199645996094,502.08599853515625,503.556884765625,501.7145690917969,502.9246520996094,501.7085571289063,502.2179260253906,504.56536865234375,506.3386535644531,503.6891174316406,504.7944030761719,504.3564758300781,502.21728515625,502.703369140625,503.9155883789063,529.6610107421875,518.8893432617188,508.9046020507813,508.8035583496094,509.044189453125,516.7661743164062,520.10693359375,519.9783325195312,516.0870971679688,520.849853515625,523.1893310546875,520.7214965820312,522.9694213867188,520.1927490234375,521.1175537109375,522.63330078125,520.2662353515625,522.1692504882812,520.7713012695312,518.310302734375,521.8309326171875,518.1865844726562,518.898681640625,520.8417358398438,520.6474609375,522.7291259765625,519.3292236328125,518.1814575195312,520.5313720703125,520.176025390625,519.4853515625,518.1513061523438,520.7427368164062,520.6039428710938,519.2778930664062,520.7339477539062,520.90869140625,520.9630126953125,519.1069946289062,518.4296875,518.5177001953125,517.5367431640625,516.9539184570312,518.2240600585938,517.2570190429688,518.7704467773438,518.7731323242188,515.5362548828125,514.5075073242188,515.017578125,514.632080078125,514.3818359375,515.770263671875,517.3099365234375,515.7335815429688,515.80517578125,515.0352783203125,517.3057861328125,514.4177856445312,513.830810546875,516.4039916992188,518.1585083007812,517.201171875,515.779296875,514.9280395507812
128.0,0.34462,0.00078468,0.0,4.0,485.6746826171875,462.9776916503906,461.5979919433594,461.2325744628906,460.6882019042969,460.4219970703125,460.3121643066406,460.3343200683594,460.1499938964844,459.92919921875,459.840087890625,459.84381103515625,459.6308288574219,459.5700073242188,459.6402282714844,459.6814880371094,459.7230529785156,459.6527099609375,459.8700866699219,459.782470703125,459.796630859375,459.7551879882813,459.7764892578125,459.9057312011719,459.9129638671875,459.759521484375,459.7318420410156,459.7406921386719,459.85791015625,459.9400024414063,459.89495849609375,459.811279296875,459.7890319824219,459.8092346191406,459.8143310546875,459.6492919921875,459.6364135742188,459.55810546875,459.6100463867188,459.7227478027344,459.6314697265625,459.5552368164063,459.5623168945313,459.5105285644531,459.4617309570313,459.5118103027344,459.6467895507813,459.7125549316406,459.7112426757813,459.7018127441406,459.75335693359375,459.6481628417969,459.6392822265625,459.685791015625,459.6281127929688,459.62310791015625,459.6559143066406,459.7745666503906,459.6593627929688,459.7112731933594,459.6548461914063,459.77728271484375,459.8815612792969,459.8192138671875,459.6504821777344,485.4741516113281,462.6421508789063,461.4878845214844,461.134033203125,461.1556091308594,461.2889099121094,460.9623107910156,460.6849670410156,460.3503112792969,460.0654296875,460.1861267089844,460.1873474121094,460.4313659667969,460.4800720214844,460.7185668945313,460.802734375,460.6509094238281,460.6763610839844,460.7291870117188,460.7396545410156,460.7364807128906,460.7668151855469,460.816650390625,460.8624267578125,460.7323303222656,460.6944885253906,460.8621520996094,460.9192810058594,460.7427978515625,460.9493103027344,460.8460693359375,460.6843566894531,460.7318420410156,460.8667602539063,460.97943115234375
16.0,0.15865,2.4639e-06,4.0,3.0,608.956787109375,581.2669677734375,567.7105712890625,558.6025390625,551.8424682617188,546.2901611328125,541.2500610351562,536.150390625,530.7236938476562,524.93994140625,608.9542846679688,581.2670288085938,567.7055053710938,558.5972900390625,551.8378295898438,546.281494140625,541.2402954101562,536.1434936523438,530.70703125,524.9302368164062,519.1397094726562,514.0099487304688,509.5620422363281,505.9659729003906,502.9572143554688,500.4803466796875,498.2622375488281,496.3484802246094,494.6503601074219,493.1341552734375,491.78424072265625,490.46087646484375,489.31536865234375,488.2209167480469,487.20361328125,486.19189453125,485.2601318359375,484.3137512207031,483.4345703125,482.5987243652344,481.7708740234375,481.0325317382813,480.31689453125,479.6280822753906,478.9806518554688,478.37701416015625,477.8232421875,477.2784118652344,476.7471923828125,476.2653503417969,475.8347473144531,475.3917541503906,474.9703674316406,474.550048828125,474.1557922363281,473.7763977050781,473.447265625,473.0838012695313,472.7566833496094,472.4383239746094,472.1033630371094,471.8387451171875,471.5369567871094,471.2592468261719,471.0181884765625,470.763671875,470.5290832519531,470.3004455566406,470.0516052246094,469.841796875,469.6243896484375,469.4134521484375,469.2077331542969,469.0079345703125,468.8377990722656,468.6359558105469,468.4595642089844,468.2832946777344,468.1252746582031,467.9122009277344,467.7872924804688,467.6172790527344,467.432373046875,467.3179321289063,467.1546020507813,467.0066833496094,466.8411560058594,466.7375183105469,466.5816040039063,466.4469299316406,466.3020935058594,466.1516723632813,466.03607177734375,465.8738708496094,465.7555236816406,465.6334838867188,465.50439453125,465.3660888671875,465.25823974609375,465.1544799804688
64.0,0.10641,3.7568e-05,3.0,1.0,515.4928588867188,469.3341064453125,462.0019226074219,459.0317687988281,457.5557861328125,456.6429138183594,455.983642578125,455.3855590820313,454.8314514160156,454.4297180175781,454.1435852050781,453.834716796875,453.56646728515625,453.3269348144531,453.1501159667969,453.0244140625,452.87542724609375,452.8014526367188,452.7261657714844,452.6646728515625,452.6049499511719,452.5323181152344,452.4875183105469,452.4706115722656,452.4178771972656,452.406494140625,452.4030456542969,452.3445129394531,452.3171997070313,452.328369140625,452.3396301269531,452.31591796875,452.33599853515625,452.32037353515625,452.29248046875,452.2722473144531,452.3013916015625,452.2626037597656,452.23541259765625,452.2466430664063,452.2537231445313,452.2861633300781,452.2591857910156,452.219970703125,452.2655944824219,452.2907104492188,452.3218383789063,452.3177185058594,452.3394470214844,515.5313110351562,469.3621520996094,462.0208740234375,459.07568359375,457.5280151367188,456.48638916015625,455.7009582519531,455.0831909179688,454.5448913574219,454.1429748535156,453.8191223144531,453.5485534667969,453.3570861816406,453.1478271484375,453.0167236328125,452.9115905761719,452.7564086914063,452.6444396972656,452.5759582519531,452.4999694824219,452.4419555664063,452.4026489257813,452.32904052734375,452.2942504882813,452.2586669921875,452.2576904296875,452.2848815917969,452.2828063964844,452.2706909179688,452.2688903808594,452.3012390136719,452.38031005859375,452.4418029785156,452.5563049316406,452.5303955078125,452.4440002441406,452.3741149902344,452.33892822265625,452.3135070800781,452.3093566894531,452.30419921875,452.3492126464844,452.3458251953125,452.2940673828125,452.278564453125,452.2956848144531,452.2663879394531,452.27044677734375,452.2203979492188,452.30865478515625,452.292236328125
8.0,0.38964,0.00035327,4.0,4.0,495.1927185058594,458.2913513183594,455.9071960449219,454.9773559570313,454.6084289550781,454.1768493652344,454.1753540039063,454.3078918457031,454.05609130859375,454.06939697265625,453.9932861328125,454.0452880859375,454.1070251464844,453.9953308105469,454.0213928222656,453.87799072265625,453.9486389160156,453.9748840332031,454.0040893554688,454.0034484863281,454.14349365234375,454.1028747558594,454.1278076171875,454.15472412109375,454.2168273925781,454.1853942871094,454.1789855957031,454.3384094238281,454.2431945800781,454.2434387207031,454.2864379882813,454.2804260253906,454.3252258300781,454.2434387207031,454.2205200195313,454.1977233886719,454.20904541015625,454.2203063964844,454.2314758300781,454.3644104003906,454.2586364746094,454.2518310546875,454.1786804199219,454.1372375488281,454.27728271484375,454.1760864257813,454.3096923828125,454.27392578125,454.0849609375,454.2315979003906,454.3292846679688,454.3357238769531,454.2063293457031,454.32080078125,454.3428039550781,454.4482116699219,454.3589477539063,454.46490478515625,454.3733215332031,454.45159912109375,454.5607299804688,454.5355224609375,454.3983154296875,454.6000061035156,454.5703125,454.4124450683594,454.6488342285156,454.50732421875,454.2801208496094,454.5155334472656,454.5912780761719,454.5196533203125,454.5695495605469,454.3604736328125,495.36767578125,458.3463134765625,456.0815124511719,455.09466552734375,454.5263977050781,454.3619079589844,454.3069458007813,454.1727294921875,454.0364685058594,454.0459289550781,454.0023498535156,453.9283142089844,454.0067138671875,453.8016052246094,453.7252807617188,453.8363952636719,453.8146057128906,453.8373107910156,453.8850402832031,453.8616943359375,453.8580932617188,453.8315124511719,453.8053894042969,453.9468383789063,453.9163208007813,453.8800048828125
32.0,0.30217,0.0019954,1.0,1.0,482.8796691894531,469.2534484863281,469.39306640625,469.5563659667969,469.9659118652344,469.6986389160156,470.24700927734375,469.7175903320313,469.4546508789063,469.3929138183594,469.2394714355469,469.21868896484375,469.21575927734375,469.3987121582031,469.3890380859375,469.257080078125,468.8899230957031,469.5707702636719,469.0774536132813,469.0823059082031,469.3153076171875,469.6816711425781,469.7645568847656,469.5027465820313,469.9382934570313,469.3761291503906,469.07568359375,469.1647338867188,469.2615051269531,469.4627075195313,469.6985168457031,470.1538391113281,470.6672058105469,470.82220458984375,469.9174499511719,469.763916015625,469.6673583984375,469.51025390625,469.523681640625,469.4535217285156,469.3179321289063,469.3151245117188,469.3985290527344,469.1798400878906,469.28118896484375,469.1329956054688,469.2469482421875,469.1100769042969,468.9500122070313,482.4269714355469,468.9138488769531,469.8670349121094,470.7647705078125,470.1521301269531,470.2443542480469,469.7435302734375,469.3634338378906,468.6336059570313,469.1390075683594,469.7151184082031,470.177001953125,469.6522521972656,469.8849182128906,469.108642578125,469.9815673828125,469.3335876464844,468.9737548828125,469.0086364746094,469.0728454589844,469.6329956054688,469.3645324707031,469.43353271484375,469.3633728027344,469.0730895996094,469.2107238769531,469.79095458984375,469.9382934570313,469.5896911621094,470.18011474609375,469.6663208007813,469.5498352050781,469.3165893554688,469.40142822265625,469.3517456054688,469.4036865234375,470.0769348144531,469.5005493164063,469.3671875,469.2644348144531,470.26416015625,469.9493103027344,469.808837890625,470.0023498535156,470.0378723144531,469.74456787109375,470.2147521972656,470.1111450195313,469.9729919433594,469.9821166992188,469.9913330078125
64.0,0.21483,0.0012718,0.0,3.0,468.507568359375,453.9374694824219,452.0229187011719,449.7297973632813,448.1793212890625,447.18951416015625,446.4463195800781,446.0633544921875,445.7326354980469,445.51568603515625,445.25103759765625,445.1256713867188,444.95556640625,445.0286254882813,444.8864440917969,444.9521484375,444.7864685058594,444.6936340332031,444.6636657714844,444.5406494140625,444.6583862304688,444.6167297363281,444.4744262695313,444.3155517578125,444.186279296875,444.2491149902344,444.2672424316406,444.3065490722656,444.1381530761719,444.03271484375,444.030029296875,444.0023193359375,443.9850463867188,444.0227661132813,444.0115966796875,444.0369567871094,443.9259948730469,443.9913635253906,443.8868408203125,443.9529724121094,443.97705078125,443.8374328613281,443.7997131347656,443.6772766113281,443.778564453125,443.77874755859375,443.6737976074219,443.6834411621094,443.6271057128906,443.5791320800781,443.6499633789063,443.6047668457031,443.5574951171875,443.5386047363281,443.5034790039063,443.4802551269531,443.4027099609375,443.4066467285156,443.5305480957031,443.5089721679688,443.4807739257813,443.4752807617188,443.4302368164063,443.36041259765625,443.3657531738281,443.3536071777344,443.3511352539063,443.52874755859375,443.3432922363281,443.3747863769531,443.3278503417969,443.314453125,443.31744384765625,443.2792663574219,443.170166015625,443.227294921875,443.1170654296875,443.1903076171875,443.1379699707031,443.2019958496094,443.1443481445313,443.0607299804688,443.1294860839844,443.117431640625,443.1865234375,443.1823120117188,443.1040649414063,443.1881713867188,443.1784362792969,443.108154296875,443.0897521972656,443.10943603515625,443.1499328613281,443.1345520019531,443.1073913574219,443.0837707519531,468.2073059082031,453.8429870605469,451.3292846679688,449.830810546875
32.0,0.49891,0.029892,0.0,1.0,522.4052124023438,576.56005859375,501.975830078125,494.5040893554688,503.1773681640625,503.8024291992188,505.172607421875,494.5642700195313,493.9024658203125,516.7157592773438,520.4632568359375,508.09375,554.831787109375,542.0572509765625,510.6716918945313,504.6167602539063,504.0071105957031,503.2572937011719,505.3143615722656,504.740478515625,502.1465148925781,506.1097717285156,504.1922302246094,503.47021484375,506.0585632324219,504.5765686035156,507.2010803222656,500.0139465332031,498.4955139160156,499.7000732421875,500.0370788574219,500.3990783691406,500.5317993164063,501.5843505859375,500.7107238769531,502.455810546875,500.0184326171875,500.8441467285156,502.4437561035156,499.1871337890625,499.8127136230469,505.3484497070313,503.01214599609375,503.901123046875,505.2703857421875,504.2785339355469,504.6264343261719,503.3341064453125,505.3945617675781,505.7960510253906,504.4516296386719,505.6877746582031,506.58599853515625,505.1361999511719,504.7982482910156,504.0387573242188,504.0414733886719,504.2984924316406,502.3250122070313,503.2697448730469,505.1880493164063,505.4195251464844,504.9113464355469,504.2400512695313,504.6361083984375,504.26953125,505.1532897949219,506.1032104492188,504.3114318847656,504.1211853027344,505.3406372070313,504.1372680664063,503.31878662109375,503.3351135253906,503.1558532714844,503.7155151367188,503.0925598144531,503.1349487304688,504.264892578125,504.7667236328125,504.6453247070313,505.1256408691406,504.4041748046875,504.093505859375,505.1052856445313,504.1554260253906,505.2385559082031,505.3729248046875,504.5293273925781,504.3211975097656,504.24853515625,504.49700927734375,505.09228515625,504.67486572265625,504.2898864746094,504.1067199707031,504.3563232421875,504.0093688964844,502.9041137695313,505.5204772949219
